object_id,rep,n_steps,phys_seed,grasp_seed,ctrl_seed,obs_seed_reserved,mass_scale,damping_scale
101579,0,119,1684198694,75200283,593380668,1852291136,1.165749400514705,1.1313089013632256
101579,1,119,1287792416,192963978,1503873809,638917504,0.8062013734615088,0.70044920022087
101579,2,119,572353716,116593265,1482012838,968842950,1.7723888994860035,1.004250069933059
101579,3,119,1045556333,18967735,368980647,2054824173,1.199603230315453,1.227063585472428
101579,4,119,1431785999,96521773,921909748,1415286929,0.9486298247816509,1.417960586604503
101579,5,119,852702259,1417654702,1919650938,2006606699,1.960244121951186,1.5818011753983983
101579,6,119,880878039,269891060,650788213,748945207,0.9235613628379544,1.95948878072051
101579,7,119,1898808800,430953450,1444544858,74434321,1.2477499960809693,0.6366161282751587
101579,8,119,243920965,1909130357,1554756253,1954771976,1.1455829706250082,1.304457630267204
101579,9,119,579034703,1312239767,1311185246,1029421576,0.9776190495445263,1.3984576764597667
101579,10,119,107302097,420182950,1450175595,2028716853,1.4757283247384863,1.9085900922356775
101579,11,119,502106650,846254724,1656387629,581768102,1.3572032550320023,1.7071021407695723
101579,12,119,908308685,933061248,844514233,2129421487,0.8582942410137984,1.915603610548101
101579,13,119,1862822980,2003594441,267191996,475329553,0.7878255905584077,1.1610035447044815
101579,14,119,744125730,2076760346,2077808172,205117558,1.9636033115842109,1.372576032908929
101579,15,119,688128625,1000451075,491846423,291387679,1.32878824199811,0.5883918086018649
103425,0,119,2126184382,1722547365,1223446700,2123799047,0.7318328989695614,1.9554542888049573
103425,1,119,1487318938,318586375,1124986456,1036027878,1.6895843231846137,1.656572017144009
103425,2,119,1413575065,1143631375,814746350,1790365127,0.6512412327001948,1.4434424324220037
103425,3,119,1320452648,1581547182,737237221,639073490,0.9230642459040199,0.888799999299841
103425,4,119,868622557,573001871,655770060,1749611868,1.2615716254068834,0.6651577507886532
103425,5,119,397305139,1496326211,1306066240,1196413095,0.793597902182553,1.0029011486968775
103425,6,119,1737350158,233773,1933153589,2076935788,0.639995580879791,0.8718298395326671
103425,7,119,507761998,969923911,1980336576,1970398883,1.2110463411883914,1.4137363554944202
103425,8,119,707792538,362326033,1848742346,850414007,1.4505526215948064,1.6934613371874419
103425,9,119,1650399682,2141550000,832777361,141130976,1.8251400200205676,0.839149671250972
103425,10,119,213295994,2100854881,2090426560,658130632,1.640069131406743,1.5697110405561032
103425,11,119,840003321,981722403,323997640,425342053,1.3947630316815276,0.7459704994468193
103425,12,119,1258343089,2023164889,458652979,1176608127,1.9481830543292737,1.2026641428029254
103425,13,119,422909007,1671337709,874875040,1245909548,0.9338140270358848,0.9276269202594122
103425,14,119,23621886,820570130,1827460970,2133996352,1.0442589500722446,1.1747431669010524
103425,15,119,761645075,1498198385,1256019617,1013534120,0.5770428617424148,0.7317491683064989
103776,0,112,868849583,876396677,1008738109,737553429,1.4758813320234117,1.5335370246753304
103776,1,112,1220804842,97079809,637796878,599188331,1.8436287465032515,0.929996463475677
103776,2,112,1926678577,42920318,1800440329,342413081,0.5525098012676264,0.9020489836349119
103776,3,112,1734353159,1918978698,2146985050,1302283936,1.8754816686955418,1.1575123282781457
103776,4,112,133253845,1778304968,76180346,43728581,1.1397897614750079,0.5334586582417392
103776,5,112,1318459359,1807757544,713772271,883863125,1.0169114417946243,1.8692988602170089
103776,6,112,2097068317,936415121,1279944936,427292215,1.2316920002494225,1.4802835543147153
103776,7,112,1611705332,1405061635,996501821,1513703808,1.58564091479636,0.8350432818993136
103776,8,112,2048374398,1931333425,1453988505,2117397098,1.3442842891251352,0.7724465748270701
103776,9,112,1453465907,725055489,1936186029,845513051,1.1798483591401778,1.0655214604436873
103776,10,112,520071408,770009411,2013344063,1940269649,0.6084946922757921,1.0604822871692121
103776,11,112,716488166,1989363522,1422236506,1365985086,1.0797389355648006,0.6300071926098976
103776,12,112,1468601480,121186018,538733304,1046014086,1.133292677954518,1.9452800902288034
103776,13,112,582677492,735348747,491305518,2055584801,1.5767271062438826,1.7453856086758235
103776,14,112,764415506,426384970,127741948,203915466,1.8226851545230724,0.9772464577976709
103776,15,112,1946259322,3134458,1261609379,1562886598,0.8008734373306123,1.084774526529308
10685,0,119,2109336688,1901209502,927656565,939110275,1.2278666434583412,0.847500825259953
10685,1,119,1743579167,338708729,2081564579,1948452262,1.5739402461602405,0.9335179666837501
10685,2,119,1026736531,1647406642,2141079590,1003721098,1.354119240524149,0.7176752323349881
10685,3,119,1490164850,1674332323,1082938471,1785487576,0.8292504504246386,1.90618917777554
10685,4,119,321654542,237014272,1668657233,1284279881,1.353079072944093,1.8972536027234042
10685,5,119,1838764034,1445199347,907992932,341666208,0.7260137660746011,1.8652207182782454
10685,6,119,1187600837,725659201,136346751,773151317,1.3485551779392682,1.946903094402343
10685,7,119,487683991,1644453852,372076257,1025593377,0.5226295029512279,1.9400454073783937
10685,8,119,901802329,1597191398,2013363533,1170932650,1.911305985701768,1.2923683369210295
10685,9,119,2077809574,252571774,1969967413,259836023,1.7930755824340314,0.9498385714723432
10685,10,119,1853602099,351022151,1042149940,282277580,1.8672984741488357,1.6252021342418574
10685,11,119,958656305,1633791716,1716838020,961298787,1.429011059065839,0.5141890577123416
10685,12,119,1709318230,1195595241,117623636,1910982958,1.1016047775551654,1.594795789986943
10685,13,119,1053109144,1600363335,2048907546,1636670262,1.3378663473300199,1.2419375289109513
10685,14,119,84973288,1138934167,149443660,226667480,0.888844497760737,1.1833484737804185
10685,15,119,650433706,1380497802,10203510,807613092,1.8191904515132582,1.7313149570672959
11622,0,119,1869814340,2143026027,1054420881,1847722282,1.0791104524452553,1.6434579105872194
11622,1,119,88252113,1303914363,908102528,1034287295,0.5229256072206951,1.462271753451819
11622,2,119,800480819,360020607,1443371522,1604185068,1.8129396225428982,1.3857302661383635
11622,3,119,51358480,618121353,159069849,1402009822,1.734821752395283,1.1207093866768332
11622,4,119,739081428,206067679,882869634,1338734894,1.582819843004055,1.7230867771757454
11622,5,119,1135610046,2131242570,673958336,2117121703,1.4976573452293869,1.6870606076008303
11622,6,119,1566728687,57114695,775905307,490442817,1.938439099914903,1.5655169787955001
11622,7,119,1956515879,1663970155,2138301151,786766423,0.7627767336218273,1.9929140499610185
11622,8,119,1833504597,1653264217,561305073,1100429302,1.9748884246173113,0.6284040596035745
11622,9,119,782792338,1155344691,1460830064,1104869497,1.3107133922859617,0.9059765308978407
11622,10,119,1284954709,732441396,1349078359,1565173098,1.593227820348532,1.2093799980856803
11622,11,119,570870405,538492110,1497252177,1434276062,1.915214255274335,0.7826777966698566
11622,12,119,783387071,129095100,482836196,721570297,1.6976428537582011,0.5458103039866247
11622,13,119,42395104,1503662249,642937670,481075430,1.7436094181616044,0.8626972328720621
11622,14,119,548504740,187780098,1261423261,1217885570,1.7035378527689136,1.32777501713346
11622,15,119,120049720,957339475,617419046,1117947759,1.5515558685905808,0.6201407108970765
12252,0,119,813527992,904441670,1208775966,1150379554,0.8549057023739155,0.7154045423671758
12252,1,119,470004182,2032168768,917564331,798679656,1.9850686533375856,1.8841679100944075
12252,2,119,1221418085,765367649,1026558657,684104744,0.9479764663417101,0.9554285898841768
12252,3,119,1681895423,2146713587,580481585,762300442,1.5542015897024342,0.8544895883207398
12252,4,119,1442805972,615474934,329704096,1362039513,1.4930367384628567,1.9338122994182623
12252,5,119,1513964196,121327158,1590625474,1465543265,0.8926025489027346,0.8872842639164131
12252,6,119,2059035020,1499199115,1679110622,118798282,0.8529078396685079,0.5119820461622089
12252,7,119,318271271,1509397629,1832238041,827331677,1.290305376368658,0.5026245451270328
12252,8,119,2093398760,1073052937,859688599,1354906715,1.8532816733482853,1.1877062999887549
12252,9,119,1486417736,1904391627,1517347031,1121463934,0.8973236359671374,1.0593854105411018
12252,10,119,1290874838,1330224556,1461211848,606233059,1.508446493767989,0.5302775426058632
12252,11,119,2140615960,1953071896,1412582330,1462405134,0.9512920190911196,1.831251833651369
12252,12,119,963521156,1276207558,761433125,2041934799,0.7524333853341147,1.2909187897956578
12252,13,119,1737365526,318236255,419591125,1113236784,1.846129831259447,1.8163241985220018
12252,14,119,1948151846,1797577250,926758027,1257050824,1.6536821559151227,1.9977751898763856
12252,15,119,1544590655,1401220030,538250373,2104201214,1.197707618668567,1.961300357118936
46145,0,119,1520780136,1497387607,376880582,1753781777,0.887434096495503,1.229299615385237
46145,1,119,467061885,1523947133,1445792093,1482781601,0.6265763610086363,0.5930214282303128
46145,2,119,430663876,329465708,1618100190,551393748,1.8411546293527605,1.437745403511041
46145,3,119,165283102,1424711241,1295517235,329268929,0.7782011237188642,1.2633203561383388
46145,4,119,114958464,1246298564,8312352,2136429917,1.5376817189331526,1.1776335427842695
46145,5,119,189962142,1332462745,1231696661,1352424043,1.0436110944292778,1.2531481025798565
46145,6,119,1787237670,1486421728,782465681,879135069,0.896167816088113,0.8493180723419536
46145,7,119,1761741820,1735112853,2029282202,2006463252,1.4128231486418443,1.0606922566727879
46145,8,119,42867568,1309701677,134401204,2022999550,0.67188911140589,1.5446843595984512
46145,9,119,815591028,774149039,1822267033,683252428,1.6421800682989696,0.7796855617433276
46145,10,119,195571641,523907210,1037796252,1860118981,1.3022350306332617,1.2387908125067026
46145,11,119,550645976,1681097129,1941026393,198493319,1.6144842351773607,1.645333857763258
46145,12,119,36815444,2009590766,1624388975,1758858696,0.7094589635254238,1.1798809338012344
46145,13,119,1858903666,692233657,1787869703,1558005111,1.9831779412545991,1.0883858069778611
46145,14,119,1833198013,909862990,527922634,172134068,1.002087711422564,1.7888336684754282
46145,15,119,1263079786,1169526424,1622908556,1358259242,1.7933328555252137,0.6713972084279026
7304,0,119,1051049310,1100566108,202625605,279811812,1.3913474167686977,0.6006754524755255
7304,1,119,133937293,18390717,976296024,1175445117,0.8682221702127593,1.6172931201808387
7304,2,119,1635096914,1142908727,254733348,20278995,1.5955481950322967,0.7711032939537172
7304,3,119,1710667136,438503716,800561092,1491337813,1.848847352793186,1.8598624378067086
7304,4,119,633911899,437003,404187511,277311803,1.5691377567253104,1.9054886440634433
7304,5,119,828109289,1599275289,443568255,1260464512,1.3537349900270816,1.284590758715886
7304,6,119,1070793877,525008663,157209270,2077421729,1.8203999276446186,1.9086109389547872
7304,7,119,1156619861,1890345879,599407525,1348351501,1.3084034800414954,0.9507389696406239
7304,8,119,433904811,1392929694,515813495,304804001,1.6183850005519065,1.8887270837896837
7304,9,119,1058299737,444416228,1286079562,347442018,0.7841797684937648,0.8525182359967721
7304,10,119,153547116,1363527661,1342690484,1440352459,1.6505203454211728,1.1094417935750898
7304,11,119,1719581570,1898627096,781803707,90292737,0.5539096314280474,1.7430091737894862
7304,12,119,1690275680,589247222,1188948295,358067688,1.5405677925558645,0.9828177623758407
7304,13,119,565513396,1453135538,1339076786,1232610715,1.2875257958781456,1.06803632901336
7304,14,119,1241609067,280426316,967145770,1331163558,1.9149089993407282,1.2861177682730451
7304,15,119,1114966940,374500269,1106827808,251251518,0.9479143578096603,1.3990721378399593
