domain,object_id,endpoint,n,n_pos,n_neg,pos_rate
target_rgb,10144,firm,288,24,264,0.08333333333333333
target_rgb,10144,completion85,288,264,24,0.9166666666666666
target_rgb,101593,firm,288,24,264,0.08333333333333333
target_rgb,101593,completion85,288,280,8,0.9722222222222222
target_rgb,101611,firm,288,264,24,0.9166666666666666
target_rgb,101611,completion85,288,288,0,1.0
target_rgb,102301,firm,288,0,288,0.0
target_rgb,102301,completion85,288,288,0,1.0
target_rgb,10849,firm,288,48,240,0.16666666666666666
target_rgb,10849,completion85,288,288,0,1.0
target_rgb,10905,firm,288,29,259,0.10069444444444445
target_rgb,10905,completion85,288,264,24,0.9166666666666666
target_rgb,35059,firm,288,279,9,0.96875
target_rgb,35059,completion85,288,288,0,1.0
target_rgb,40147,firm,288,264,24,0.9166666666666666
target_rgb,40147,completion85,288,288,0,1.0
target_rgb,46889,firm,288,145,143,0.5034722222222222
target_rgb,46889,completion85,288,288,0,1.0
target_rgb,47315,firm,288,264,24,0.9166666666666666
target_rgb,47315,completion85,288,288,0,1.0
target_rgb,7236,firm,288,0,288,0.0
target_rgb,7236,completion85,288,264,24,0.9166666666666666
target_rgb,7292,firm,288,0,288,0.0
target_rgb,7292,completion85,288,240,48,0.8333333333333334
source_flow_gaussian,100282,firm,1024,496,528,0.484375
source_flow_gaussian,100282,completion85,1024,1024,0,1.0
source_flow_gaussian,10068,firm,1024,462,562,0.451171875
source_flow_gaussian,10068,completion85,1024,768,256,0.75
source_flow_gaussian,10143,firm,1024,429,595,0.4189453125
source_flow_gaussian,10143,completion85,1024,1024,0,1.0
source_flow_gaussian,101584,firm,1024,410,614,0.400390625
source_flow_gaussian,101584,completion85,1024,1024,0,1.0
source_flow_gaussian,101603,firm,1024,511,513,0.4990234375
source_flow_gaussian,101603,completion85,1024,1024,0,1.0
source_flow_gaussian,101619,firm,1024,256,768,0.25
source_flow_gaussian,101619,completion85,1024,1024,0,1.0
source_flow_gaussian,101773,firm,1024,669,355,0.6533203125
source_flow_gaussian,101773,completion85,1024,1024,0,1.0
source_flow_gaussian,102278,firm,1024,583,441,0.5693359375
source_flow_gaussian,102278,completion85,1024,1024,0,1.0
source_flow_gaussian,102316,firm,1024,230,794,0.224609375
source_flow_gaussian,102316,completion85,1024,1024,0,1.0
source_flow_gaussian,102387,firm,1024,512,512,0.5
source_flow_gaussian,102387,completion85,1024,1024,0,1.0
source_flow_gaussian,102423,firm,1024,512,512,0.5
source_flow_gaussian,102423,completion85,1024,1024,0,1.0
source_flow_gaussian,103351,firm,1024,440,584,0.4296875
source_flow_gaussian,103351,completion85,1024,1024,0,1.0
source_flow_gaussian,103369,firm,1024,512,512,0.5
source_flow_gaussian,103369,completion85,1024,1024,0,1.0
source_flow_gaussian,103425,firm,1024,430,594,0.419921875
source_flow_gaussian,103425,completion85,1024,1024,0,1.0
source_flow_gaussian,103452,firm,1024,316,708,0.30859375
source_flow_gaussian,103452,completion85,1024,1024,0,1.0
source_flow_gaussian,10347,firm,1024,0,1024,0.0
source_flow_gaussian,10347,completion85,1024,611,413,0.5966796875
source_flow_gaussian,103508,firm,1024,0,1024,0.0
source_flow_gaussian,103508,completion85,1024,1024,0,1.0
source_flow_gaussian,10373,firm,1024,509,515,0.4970703125
source_flow_gaussian,10373,completion85,1024,1012,12,0.98828125
source_flow_gaussian,103776,firm,1024,0,1024,0.0
source_flow_gaussian,103776,completion85,1024,45,979,0.0439453125
source_flow_gaussian,103778,firm,1024,340,684,0.33203125
source_flow_gaussian,103778,completion85,1024,1024,0,1.0
source_flow_gaussian,10489,firm,1024,353,671,0.3447265625
source_flow_gaussian,10489,completion85,1024,1008,16,0.984375
source_flow_gaussian,10620,firm,1024,512,512,0.5
source_flow_gaussian,10620,completion85,1024,512,512,0.5
source_flow_gaussian,10685,firm,1024,512,512,0.5
source_flow_gaussian,10685,completion85,1024,768,256,0.75
source_flow_gaussian,11178,firm,1024,504,520,0.4921875
source_flow_gaussian,11178,completion85,1024,768,256,0.75
source_flow_gaussian,11231,firm,1024,298,726,0.291015625
source_flow_gaussian,11231,completion85,1024,768,256,0.75
source_flow_gaussian,11622,firm,1024,669,355,0.6533203125
source_flow_gaussian,11622,completion85,1024,1024,0,1.0
source_flow_gaussian,12036,firm,1024,662,362,0.646484375
source_flow_gaussian,12036,completion85,1024,768,256,0.75
source_flow_gaussian,12252,firm,1024,447,577,0.4365234375
source_flow_gaussian,12252,completion85,1024,1024,0,1.0
source_flow_gaussian,38516,firm,1024,362,662,0.353515625
source_flow_gaussian,38516,completion85,1024,1024,0,1.0
source_flow_gaussian,41003,firm,1024,0,1024,0.0
source_flow_gaussian,41003,completion85,1024,0,1024,0.0
source_flow_gaussian,41004,firm,1024,0,1024,0.0
source_flow_gaussian,41004,completion85,1024,1024,0,1.0
source_flow_gaussian,44781,firm,1024,134,890,0.130859375
source_flow_gaussian,44781,completion85,1024,512,512,0.5
source_flow_gaussian,45087,firm,1024,508,516,0.49609375
source_flow_gaussian,45087,completion85,1024,1024,0,1.0
source_flow_gaussian,45162,firm,1024,668,356,0.65234375
source_flow_gaussian,45162,completion85,1024,1024,0,1.0
source_flow_gaussian,45189,firm,1024,0,1024,0.0
source_flow_gaussian,45189,completion85,1024,0,1024,0.0
source_flow_gaussian,45244,firm,1024,478,546,0.466796875
source_flow_gaussian,45244,completion85,1024,1024,0,1.0
source_flow_gaussian,46019,firm,1024,293,731,0.2861328125
source_flow_gaussian,46019,completion85,1024,1024,0,1.0
source_flow_gaussian,46033,firm,1024,768,256,0.75
source_flow_gaussian,46033,completion85,1024,1024,0,1.0
source_flow_gaussian,46037,firm,1024,512,512,0.5
source_flow_gaussian,46037,completion85,1024,512,512,0.5
source_flow_gaussian,46084,firm,1024,287,737,0.2802734375
source_flow_gaussian,46084,completion85,1024,512,512,0.5
source_flow_gaussian,46108,firm,1024,0,1024,0.0
source_flow_gaussian,46108,completion85,1024,496,528,0.484375
source_flow_gaussian,46120,firm,1024,140,884,0.13671875
source_flow_gaussian,46120,completion85,1024,512,512,0.5
source_flow_gaussian,46145,firm,1024,0,1024,0.0
source_flow_gaussian,46145,completion85,1024,0,1024,0.0
source_flow_gaussian,46856,firm,1024,74,950,0.072265625
source_flow_gaussian,46856,completion85,1024,496,528,0.484375
source_flow_gaussian,46859,firm,1024,561,463,0.5478515625
source_flow_gaussian,46859,completion85,1024,1024,0,1.0
source_flow_gaussian,47529,firm,1024,438,586,0.427734375
source_flow_gaussian,47529,completion85,1024,1024,0,1.0
source_flow_gaussian,47570,firm,1024,430,594,0.419921875
source_flow_gaussian,47570,completion85,1024,1024,0,1.0
source_flow_gaussian,47944,firm,1024,512,512,0.5
source_flow_gaussian,47944,completion85,1024,512,512,0.5
source_flow_gaussian,48063,firm,1024,0,1024,0.0
source_flow_gaussian,48063,completion85,1024,1024,0,1.0
source_flow_gaussian,48271,firm,1024,254,770,0.248046875
source_flow_gaussian,48271,completion85,1024,1024,0,1.0
source_flow_gaussian,48379,firm,1024,468,556,0.45703125
source_flow_gaussian,48379,completion85,1024,512,512,0.5
source_flow_gaussian,48452,firm,1024,256,768,0.25
source_flow_gaussian,48452,completion85,1024,1024,0,1.0
source_flow_gaussian,49042,firm,1024,553,471,0.5400390625
source_flow_gaussian,49042,completion85,1024,636,388,0.62109375
source_flow_gaussian,49133,firm,1024,511,513,0.4990234375
source_flow_gaussian,49133,completion85,1024,768,256,0.75
source_flow_gaussian,7119,firm,1024,319,705,0.3115234375
source_flow_gaussian,7119,completion85,1024,1024,0,1.0
source_flow_gaussian,7128,firm,1024,728,296,0.7109375
source_flow_gaussian,7128,completion85,1024,1024,0,1.0
source_flow_gaussian,7167,firm,1024,457,567,0.4462890625
source_flow_gaussian,7167,completion85,1024,1024,0,1.0
source_flow_gaussian,7263,firm,1024,601,423,0.5869140625
source_flow_gaussian,7263,completion85,1024,1024,0,1.0
source_flow_gaussian,7265,firm,1024,581,443,0.5673828125
source_flow_gaussian,7265,completion85,1024,1024,0,1.0
source_flow_gaussian,7304,firm,1024,356,668,0.34765625
source_flow_gaussian,7304,completion85,1024,1024,0,1.0
source_flow_gaussian,7310,firm,1024,656,368,0.640625
source_flow_gaussian,7310,completion85,1024,1024,0,1.0
