row_idx,object_id,firm,completion85
0,35059,1,1
1,35059,1,1
2,35059,1,1
3,35059,1,1
4,35059,1,1
5,35059,1,1
6,35059,1,1
7,35059,1,1
8,35059,1,1
9,35059,1,1
10,35059,1,1
11,35059,1,1
12,35059,1,1
13,35059,1,1
14,35059,1,1
15,35059,1,1
16,35059,1,1
17,35059,1,1
18,35059,1,1
19,35059,1,1
20,35059,1,1
21,35059,1,1
22,35059,1,1
23,35059,1,1
24,35059,1,1
25,35059,1,1
26,35059,1,1
27,35059,1,1
28,35059,1,1
29,35059,1,1
30,35059,1,1
31,35059,1,1
32,35059,1,1
33,35059,1,1
34,35059,1,1
35,35059,1,1
36,35059,1,1
37,35059,1,1
38,35059,1,1
39,35059,1,1
40,35059,1,1
41,35059,1,1
42,35059,1,1
43,35059,1,1
44,35059,1,1
45,35059,1,1
46,35059,1,1
47,35059,1,1
48,35059,1,1
49,35059,1,1
50,35059,1,1
51,35059,1,1
52,35059,1,1
53,35059,1,1
54,35059,1,1
55,35059,1,1
56,35059,1,1
57,35059,1,1
58,35059,1,1
59,35059,1,1
60,35059,1,1
61,35059,1,1
62,35059,1,1
63,35059,1,1
64,35059,1,1
65,35059,1,1
66,35059,1,1
67,35059,1,1
68,35059,1,1
69,35059,1,1
70,35059,1,1
71,35059,1,1
72,35059,1,1
73,35059,1,1
74,35059,1,1
75,35059,1,1
76,35059,1,1
77,35059,1,1
78,35059,1,1
79,35059,1,1
80,35059,1,1
81,35059,1,1
82,35059,1,1
83,35059,1,1
84,35059,1,1
85,35059,1,1
86,35059,1,1
87,35059,1,1
88,35059,1,1
89,35059,1,1
90,35059,1,1
91,35059,1,1
92,35059,1,1
93,35059,1,1
94,35059,1,1
95,35059,1,1
96,35059,1,1
97,35059,1,1
98,35059,1,1
99,35059,1,1
100,35059,1,1
101,35059,1,1
102,35059,1,1
103,35059,1,1
104,35059,1,1
105,35059,1,1
106,35059,1,1
107,35059,1,1
108,35059,1,1
109,35059,1,1
110,35059,1,1
111,35059,1,1
112,35059,1,1
113,35059,1,1
114,35059,1,1
115,35059,1,1
116,35059,1,1
117,35059,1,1
118,35059,1,1
119,35059,1,1
120,35059,1,1
121,35059,1,1
122,35059,1,1
123,35059,1,1
124,35059,1,1
125,35059,1,1
126,35059,1,1
127,35059,1,1
128,35059,1,1
129,35059,1,1
130,35059,1,1
131,35059,1,1
132,35059,1,1
133,35059,1,1
134,35059,1,1
135,35059,1,1
136,35059,1,1
137,35059,1,1
138,35059,1,1
139,35059,1,1
140,35059,1,1
141,35059,1,1
142,35059,1,1
143,35059,1,1
144,35059,1,1
145,35059,1,1
146,35059,1,1
147,35059,1,1
148,35059,1,1
149,35059,1,1
150,35059,1,1
151,35059,1,1
152,35059,1,1
153,35059,1,1
154,35059,1,1
155,35059,1,1
156,35059,1,1
157,35059,1,1
158,35059,1,1
159,35059,1,1
160,35059,1,1
161,35059,1,1
162,35059,1,1
163,35059,1,1
164,35059,1,1
165,35059,1,1
166,35059,1,1
167,35059,1,1
168,35059,1,1
169,35059,1,1
170,35059,1,1
171,35059,1,1
172,35059,1,1
173,35059,1,1
174,35059,1,1
175,35059,1,1
176,35059,1,1
177,35059,1,1
178,35059,1,1
179,35059,1,1
180,35059,1,1
181,35059,1,1
182,35059,1,1
183,35059,1,1
184,35059,1,1
185,35059,1,1
186,35059,1,1
187,35059,1,1
188,35059,1,1
189,35059,1,1
190,35059,1,1
191,35059,1,1
192,35059,1,1
193,35059,0,1
194,35059,0,1
195,35059,1,1
196,35059,0,1
197,35059,0,1
198,35059,1,1
199,35059,1,1
200,35059,1,1
201,35059,1,1
202,35059,0,1
203,35059,0,1
204,35059,1,1
205,35059,1,1
206,35059,1,1
207,35059,1,1
208,35059,1,1
209,35059,1,1
210,35059,0,1
211,35059,0,1
212,35059,0,1
213,35059,1,1
214,35059,1,1
215,35059,1,1
216,35059,1,1
217,35059,1,1
218,35059,1,1
219,35059,1,1
220,35059,1,1
221,35059,1,1
222,35059,1,1
223,35059,1,1
224,35059,1,1
225,35059,1,1
226,35059,1,1
227,35059,1,1
228,35059,1,1
229,35059,1,1
230,35059,1,1
231,35059,1,1
232,35059,1,1
233,35059,1,1
234,35059,1,1
235,35059,1,1
236,35059,1,1
237,35059,1,1
238,35059,1,1
239,35059,1,1
240,35059,1,1
241,35059,1,1
242,35059,1,1
243,35059,1,1
244,35059,1,1
245,35059,1,1
246,35059,1,1
247,35059,1,1
248,35059,1,1
249,35059,1,1
250,35059,1,1
251,35059,1,1
252,35059,1,1
253,35059,1,1
254,35059,1,1
255,35059,1,1
256,35059,1,1
257,35059,1,1
258,35059,1,1
259,35059,1,1
260,35059,1,1
261,35059,1,1
262,35059,1,1
263,35059,1,1
264,35059,1,1
265,35059,1,1
266,35059,1,1
267,35059,1,1
268,35059,1,1
269,35059,1,1
270,35059,1,1
271,35059,1,1
272,35059,1,1
273,35059,1,1
274,35059,1,1
275,35059,1,1
276,35059,1,1
277,35059,1,1
278,35059,1,1
279,35059,1,1
280,35059,1,1
281,35059,1,1
282,35059,1,1
283,35059,1,1
284,35059,1,1
285,35059,1,1
286,35059,1,1
287,35059,1,1
576,10905,0,1
577,10905,0,1
578,10905,0,1
579,10905,0,1
580,10905,0,1
581,10905,0,1
582,10905,0,1
583,10905,0,1
584,10905,0,1
585,10905,0,1
586,10905,0,1
587,10905,0,1
588,10905,0,1
589,10905,0,1
590,10905,0,1
591,10905,0,1
592,10905,0,1
593,10905,0,1
594,10905,0,1
595,10905,0,1
596,10905,0,1
597,10905,0,1
598,10905,0,1
599,10905,0,1
600,10905,1,1
601,10905,1,1
602,10905,0,1
603,10905,0,1
604,10905,1,1
605,10905,0,1
606,10905,1,1
607,10905,1,1
608,10905,1,1
609,10905,0,1
610,10905,1,1
611,10905,0,1
612,10905,0,1
613,10905,0,1
614,10905,1,1
615,10905,1,1
616,10905,1,1
617,10905,0,1
618,10905,0,1
619,10905,1,1
620,10905,1,1
621,10905,0,1
622,10905,1,1
623,10905,1,1
624,10905,0,1
625,10905,0,1
626,10905,0,1
627,10905,0,1
628,10905,0,1
629,10905,0,1
630,10905,0,1
631,10905,0,1
632,10905,0,1
633,10905,0,1
634,10905,0,1
635,10905,0,1
636,10905,0,1
637,10905,0,1
638,10905,0,1
639,10905,0,1
640,10905,0,1
641,10905,0,1
642,10905,0,1
643,10905,0,1
644,10905,0,1
645,10905,0,1
646,10905,0,1
647,10905,0,1
648,10905,0,1
649,10905,0,1
650,10905,0,1
651,10905,0,1
652,10905,0,1
653,10905,0,1
654,10905,0,1
655,10905,0,1
656,10905,0,1
657,10905,0,1
658,10905,0,1
659,10905,0,1
660,10905,0,1
661,10905,0,1
662,10905,0,1
663,10905,0,1
664,10905,0,1
665,10905,0,1
666,10905,0,1
667,10905,0,1
668,10905,0,1
669,10905,0,1
670,10905,0,1
671,10905,0,1
672,10905,0,1
673,10905,0,1
674,10905,0,1
675,10905,0,1
676,10905,0,1
677,10905,0,1
678,10905,0,1
679,10905,0,1
680,10905,0,1
681,10905,0,1
682,10905,0,1
683,10905,0,1
684,10905,0,1
685,10905,0,1
686,10905,0,1
687,10905,0,1
688,10905,0,1
689,10905,0,1
690,10905,0,1
691,10905,0,1
692,10905,0,1
693,10905,0,1
694,10905,0,1
695,10905,0,1
696,10905,0,1
697,10905,0,1
698,10905,0,1
699,10905,0,1
700,10905,0,1
701,10905,0,1
702,10905,0,1
703,10905,0,1
704,10905,0,1
705,10905,0,1
706,10905,0,1
707,10905,0,1
708,10905,0,1
709,10905,0,1
710,10905,0,1
711,10905,0,1
712,10905,0,1
713,10905,0,1
714,10905,0,1
715,10905,0,1
716,10905,0,1
717,10905,0,1
718,10905,0,1
719,10905,0,1
720,10905,0,1
721,10905,0,1
722,10905,0,1
723,10905,0,1
724,10905,0,1
725,10905,0,1
726,10905,0,1
727,10905,0,1
728,10905,0,1
729,10905,0,1
730,10905,0,1
731,10905,0,1
732,10905,0,1
733,10905,0,1
734,10905,0,1
735,10905,0,1
736,10905,0,1
737,10905,0,1
738,10905,0,1
739,10905,0,1
740,10905,0,1
741,10905,0,1
742,10905,0,1
743,10905,0,1
744,10905,0,1
745,10905,0,1
746,10905,0,1
747,10905,0,1
748,10905,0,1
749,10905,0,1
750,10905,0,1
751,10905,0,1
752,10905,0,1
753,10905,0,1
754,10905,0,1
755,10905,0,1
756,10905,0,1
757,10905,0,1
758,10905,0,1
759,10905,0,1
760,10905,0,1
761,10905,0,1
762,10905,0,1
763,10905,0,1
764,10905,0,1
765,10905,0,1
766,10905,0,1
767,10905,0,1
768,10905,0,1
769,10905,1,1
770,10905,0,1
771,10905,1,1
772,10905,1,1
773,10905,1,1
774,10905,1,1
775,10905,0,1
776,10905,0,1
777,10905,0,1
778,10905,1,1
779,10905,1,1
780,10905,1,1
781,10905,1,1
782,10905,0,1
783,10905,0,1
784,10905,0,1
785,10905,1,1
786,10905,1,1
787,10905,0,1
788,10905,1,1
789,10905,1,1
790,10905,1,1
791,10905,1,1
792,10905,0,1
793,10905,0,1
794,10905,0,1
795,10905,0,1
796,10905,0,1
797,10905,0,1
798,10905,0,1
799,10905,0,1
800,10905,0,1
801,10905,0,1
802,10905,0,1
803,10905,0,1
804,10905,0,1
805,10905,0,1
806,10905,0,1
807,10905,0,1
808,10905,0,1
809,10905,0,1
810,10905,0,1
811,10905,0,1
812,10905,0,1
813,10905,0,1
814,10905,0,1
815,10905,0,1
816,10905,0,1
817,10905,0,1
818,10905,0,1
819,10905,0,1
820,10905,0,1
821,10905,0,1
822,10905,0,1
823,10905,0,1
824,10905,0,1
825,10905,0,1
826,10905,0,1
827,10905,0,1
828,10905,0,1
829,10905,0,1
830,10905,0,1
831,10905,0,1
832,10905,0,1
833,10905,0,1
834,10905,0,1
835,10905,0,1
836,10905,0,1
837,10905,0,1
838,10905,0,1
839,10905,0,1
840,10905,0,0
841,10905,0,0
842,10905,0,0
843,10905,0,0
844,10905,0,0
845,10905,0,0
846,10905,0,0
847,10905,0,0
848,10905,0,0
849,10905,0,0
850,10905,0,0
851,10905,0,0
852,10905,0,0
853,10905,0,0
854,10905,0,0
855,10905,0,0
856,10905,0,0
857,10905,0,0
858,10905,0,0
859,10905,0,0
860,10905,0,0
861,10905,0,0
862,10905,0,0
863,10905,0,0
1440,46889,1,1
1441,46889,1,1
1442,46889,1,1
1443,46889,1,1
1444,46889,1,1
1445,46889,1,1
1446,46889,1,1
1447,46889,1,1
1448,46889,1,1
1449,46889,1,1
1450,46889,1,1
1451,46889,1,1
1452,46889,1,1
1453,46889,1,1
1454,46889,1,1
1455,46889,1,1
1456,46889,1,1
1457,46889,1,1
1458,46889,1,1
1459,46889,1,1
1460,46889,1,1
1461,46889,1,1
1462,46889,1,1
1463,46889,1,1
1464,46889,0,1
1465,46889,0,1
1466,46889,0,1
1467,46889,0,1
1468,46889,0,1
1469,46889,0,1
1470,46889,0,1
1471,46889,0,1
1472,46889,1,1
1473,46889,0,1
1474,46889,1,1
1475,46889,0,1
1476,46889,0,1
1477,46889,0,1
1478,46889,0,1
1479,46889,0,1
1480,46889,0,1
1481,46889,0,1
1482,46889,0,1
1483,46889,1,1
1484,46889,0,1
1485,46889,0,1
1486,46889,0,1
1487,46889,1,1
1488,46889,0,1
1489,46889,0,1
1490,46889,0,1
1491,46889,0,1
1492,46889,0,1
1493,46889,0,1
1494,46889,0,1
1495,46889,0,1
1496,46889,0,1
1497,46889,0,1
1498,46889,0,1
1499,46889,0,1
1500,46889,0,1
1501,46889,0,1
1502,46889,0,1
1503,46889,0,1
1504,46889,0,1
1505,46889,0,1
1506,46889,0,1
1507,46889,0,1
1508,46889,0,1
1509,46889,0,1
1510,46889,0,1
1511,46889,0,1
1512,46889,1,1
1513,46889,1,1
1514,46889,1,1
1515,46889,1,1
1516,46889,1,1
1517,46889,1,1
1518,46889,1,1
1519,46889,1,1
1520,46889,1,1
1521,46889,1,1
1522,46889,1,1
1523,46889,1,1
1524,46889,1,1
1525,46889,1,1
1526,46889,1,1
1527,46889,1,1
1528,46889,1,1
1529,46889,1,1
1530,46889,1,1
1531,46889,1,1
1532,46889,1,1
1533,46889,1,1
1534,46889,1,1
1535,46889,1,1
1536,46889,0,1
1537,46889,0,1
1538,46889,0,1
1539,46889,0,1
1540,46889,0,1
1541,46889,0,1
1542,46889,0,1
1543,46889,0,1
1544,46889,0,1
1545,46889,0,1
1546,46889,0,1
1547,46889,0,1
1548,46889,0,1
1549,46889,0,1
1550,46889,0,1
1551,46889,0,1
1552,46889,0,1
1553,46889,0,1
1554,46889,0,1
1555,46889,0,1
1556,46889,0,1
1557,46889,0,1
1558,46889,0,1
1559,46889,0,1
1560,46889,1,1
1561,46889,1,1
1562,46889,1,1
1563,46889,1,1
1564,46889,1,1
1565,46889,1,1
1566,46889,1,1
1567,46889,1,1
1568,46889,1,1
1569,46889,1,1
1570,46889,1,1
1571,46889,1,1
1572,46889,1,1
1573,46889,1,1
1574,46889,1,1
1575,46889,1,1
1576,46889,1,1
1577,46889,1,1
1578,46889,1,1
1579,46889,1,1
1580,46889,1,1
1581,46889,1,1
1582,46889,1,1
1583,46889,1,1
1584,46889,0,1
1585,46889,0,1
1586,46889,0,1
1587,46889,0,1
1588,46889,0,1
1589,46889,0,1
1590,46889,0,1
1591,46889,0,1
1592,46889,0,1
1593,46889,0,1
1594,46889,0,1
1595,46889,0,1
1596,46889,0,1
1597,46889,0,1
1598,46889,0,1
1599,46889,0,1
1600,46889,0,1
1601,46889,0,1
1602,46889,0,1
1603,46889,0,1
1604,46889,0,1
1605,46889,0,1
1606,46889,0,1
1607,46889,0,1
1608,46889,1,1
1609,46889,1,1
1610,46889,1,1
1611,46889,1,1
1612,46889,1,1
1613,46889,1,1
1614,46889,1,1
1615,46889,1,1
1616,46889,1,1
1617,46889,1,1
1618,46889,1,1
1619,46889,1,1
1620,46889,1,1
1621,46889,1,1
1622,46889,1,1
1623,46889,1,1
1624,46889,1,1
1625,46889,1,1
1626,46889,1,1
1627,46889,1,1
1628,46889,1,1
1629,46889,1,1
1630,46889,1,1
1631,46889,1,1
1632,46889,1,1
1633,46889,1,1
1634,46889,1,1
1635,46889,1,1
1636,46889,1,1
1637,46889,1,1
1638,46889,1,1
1639,46889,1,1
1640,46889,1,1
1641,46889,1,1
1642,46889,1,1
1643,46889,1,1
1644,46889,1,1
1645,46889,1,1
1646,46889,1,1
1647,46889,1,1
1648,46889,1,1
1649,46889,1,1
1650,46889,1,1
1651,46889,1,1
1652,46889,1,1
1653,46889,1,1
1654,46889,1,1
1655,46889,1,1
1656,46889,0,1
1657,46889,0,1
1658,46889,1,1
1659,46889,1,1
1660,46889,1,1
1661,46889,1,1
1662,46889,1,1
1663,46889,1,1
1664,46889,1,1
1665,46889,1,1
1666,46889,1,1
1667,46889,1,1
1668,46889,1,1
1669,46889,1,1
1670,46889,1,1
1671,46889,1,1
1672,46889,1,1
1673,46889,1,1
1674,46889,1,1
1675,46889,1,1
1676,46889,1,1
1677,46889,1,1
1678,46889,0,1
1679,46889,1,1
1680,46889,0,1
1681,46889,0,1
1682,46889,0,1
1683,46889,0,1
1684,46889,0,1
1685,46889,0,1
1686,46889,0,1
1687,46889,0,1
1688,46889,0,1
1689,46889,0,1
1690,46889,0,1
1691,46889,0,1
1692,46889,0,1
1693,46889,0,1
1694,46889,0,1
1695,46889,0,1
1696,46889,0,1
1697,46889,0,1
1698,46889,0,1
1699,46889,0,1
1700,46889,0,1
1701,46889,0,1
1702,46889,0,1
1703,46889,0,1
1704,46889,0,1
1705,46889,0,1
1706,46889,0,1
1707,46889,0,1
1708,46889,0,1
1709,46889,0,1
1710,46889,0,1
1711,46889,0,1
1712,46889,0,1
1713,46889,0,1
1714,46889,0,1
1715,46889,0,1
1716,46889,0,1
1717,46889,0,1
1718,46889,0,1
1719,46889,0,1
1720,46889,0,1
1721,46889,0,1
1722,46889,0,1
1723,46889,0,1
1724,46889,0,1
1725,46889,0,1
1726,46889,0,1
1727,46889,0,1
2016,10144,0,1
2017,10144,0,1
2018,10144,0,1
2019,10144,0,1
2020,10144,0,1
2021,10144,0,1
2022,10144,0,1
2023,10144,0,1
2024,10144,0,1
2025,10144,0,1
2026,10144,0,1
2027,10144,0,1
2028,10144,0,1
2029,10144,0,1
2030,10144,0,1
2031,10144,0,1
2032,10144,0,1
2033,10144,0,1
2034,10144,0,1
2035,10144,0,1
2036,10144,0,1
2037,10144,0,1
2038,10144,0,1
2039,10144,0,1
2040,10144,0,1
2041,10144,0,1
2042,10144,0,1
2043,10144,0,1
2044,10144,0,1
2045,10144,0,1
2046,10144,0,1
2047,10144,0,1
2048,10144,0,1
2049,10144,0,1
2050,10144,0,1
2051,10144,0,1
2052,10144,0,1
2053,10144,0,1
2054,10144,0,1
2055,10144,0,1
2056,10144,0,1
2057,10144,0,1
2058,10144,0,1
2059,10144,0,1
2060,10144,0,1
2061,10144,0,1
2062,10144,0,1
2063,10144,0,1
2064,10144,0,1
2065,10144,0,1
2066,10144,0,1
2067,10144,0,1
2068,10144,0,1
2069,10144,0,1
2070,10144,0,1
2071,10144,0,1
2072,10144,0,1
2073,10144,0,1
2074,10144,0,1
2075,10144,0,1
2076,10144,0,1
2077,10144,0,1
2078,10144,0,1
2079,10144,0,1
2080,10144,0,1
2081,10144,0,1
2082,10144,0,1
2083,10144,0,1
2084,10144,0,1
2085,10144,0,1
2086,10144,0,1
2087,10144,0,1
2088,10144,0,1
2089,10144,0,1
2090,10144,0,1
2091,10144,0,1
2092,10144,0,1
2093,10144,0,1
2094,10144,0,1
2095,10144,0,1
2096,10144,0,1
2097,10144,0,1
2098,10144,0,1
2099,10144,0,1
2100,10144,0,1
2101,10144,0,1
2102,10144,0,1
2103,10144,0,1
2104,10144,0,1
2105,10144,0,1
2106,10144,0,1
2107,10144,0,1
2108,10144,0,1
2109,10144,0,1
2110,10144,0,1
2111,10144,0,1
2112,10144,0,1
2113,10144,0,1
2114,10144,0,1
2115,10144,0,1
2116,10144,0,1
2117,10144,0,1
2118,10144,0,1
2119,10144,0,1
2120,10144,0,1
2121,10144,0,1
2122,10144,0,1
2123,10144,0,1
2124,10144,0,1
2125,10144,0,1
2126,10144,0,1
2127,10144,0,1
2128,10144,0,1
2129,10144,0,1
2130,10144,0,1
2131,10144,0,1
2132,10144,0,1
2133,10144,0,1
2134,10144,0,1
2135,10144,0,1
2136,10144,0,1
2137,10144,0,1
2138,10144,0,1
2139,10144,0,1
2140,10144,0,1
2141,10144,0,1
2142,10144,0,1
2143,10144,0,1
2144,10144,0,1
2145,10144,0,1
2146,10144,0,1
2147,10144,0,1
2148,10144,0,1
2149,10144,0,1
2150,10144,0,1
2151,10144,0,1
2152,10144,0,1
2153,10144,0,1
2154,10144,0,1
2155,10144,0,1
2156,10144,0,1
2157,10144,0,1
2158,10144,0,1
2159,10144,0,1
2160,10144,0,1
2161,10144,0,1
2162,10144,0,1
2163,10144,0,1
2164,10144,0,1
2165,10144,0,1
2166,10144,0,1
2167,10144,0,1
2168,10144,0,1
2169,10144,0,1
2170,10144,0,1
2171,10144,0,1
2172,10144,0,1
2173,10144,0,1
2174,10144,0,1
2175,10144,0,1
2176,10144,0,1
2177,10144,0,1
2178,10144,0,1
2179,10144,0,1
2180,10144,0,1
2181,10144,0,1
2182,10144,0,1
2183,10144,0,1
2184,10144,0,1
2185,10144,0,1
2186,10144,0,1
2187,10144,0,1
2188,10144,0,1
2189,10144,0,1
2190,10144,0,1
2191,10144,0,1
2192,10144,0,1
2193,10144,0,1
2194,10144,0,1
2195,10144,0,1
2196,10144,0,1
2197,10144,0,1
2198,10144,0,1
2199,10144,0,1
2200,10144,0,1
2201,10144,0,1
2202,10144,0,1
2203,10144,0,1
2204,10144,0,1
2205,10144,0,1
2206,10144,0,1
2207,10144,0,1
2208,10144,0,1
2209,10144,0,1
2210,10144,0,1
2211,10144,0,1
2212,10144,0,1
2213,10144,0,1
2214,10144,0,1
2215,10144,0,1
2216,10144,0,1
2217,10144,0,1
2218,10144,0,1
2219,10144,0,1
2220,10144,0,1
2221,10144,0,1
2222,10144,0,1
2223,10144,0,1
2224,10144,0,1
2225,10144,0,1
2226,10144,0,1
2227,10144,0,1
2228,10144,0,1
2229,10144,0,1
2230,10144,0,1
2231,10144,0,1
2232,10144,0,1
2233,10144,0,1
2234,10144,0,1
2235,10144,0,1
2236,10144,0,1
2237,10144,0,1
2238,10144,0,1
2239,10144,0,1
2240,10144,0,1
2241,10144,0,1
2242,10144,0,1
2243,10144,0,1
2244,10144,0,1
2245,10144,0,1
2246,10144,0,1
2247,10144,0,1
2248,10144,0,1
2249,10144,0,1
2250,10144,0,1
2251,10144,0,1
2252,10144,0,1
2253,10144,0,1
2254,10144,0,1
2255,10144,0,1
2256,10144,1,1
2257,10144,1,1
2258,10144,1,1
2259,10144,1,1
2260,10144,1,1
2261,10144,1,1
2262,10144,1,1
2263,10144,1,1
2264,10144,1,1
2265,10144,1,1
2266,10144,1,1
2267,10144,1,1
2268,10144,1,1
2269,10144,1,1
2270,10144,1,1
2271,10144,1,1
2272,10144,1,1
2273,10144,1,1
2274,10144,1,1
2275,10144,1,1
2276,10144,1,1
2277,10144,1,1
2278,10144,1,1
2279,10144,1,1
2280,10144,0,0
2281,10144,0,0
2282,10144,0,0
2283,10144,0,0
2284,10144,0,0
2285,10144,0,0
2286,10144,0,0
2287,10144,0,0
2288,10144,0,0
2289,10144,0,0
2290,10144,0,0
2291,10144,0,0
2292,10144,0,0
2293,10144,0,0
2294,10144,0,0
2295,10144,0,0
2296,10144,0,0
2297,10144,0,0
2298,10144,0,0
2299,10144,0,0
2300,10144,0,0
2301,10144,0,0
2302,10144,0,0
2303,10144,0,0
2304,10849,0,1
2305,10849,0,1
2306,10849,0,1
2307,10849,0,1
2308,10849,0,1
2309,10849,0,1
2310,10849,0,1
2311,10849,0,1
2312,10849,0,1
2313,10849,0,1
2314,10849,0,1
2315,10849,0,1
2316,10849,0,1
2317,10849,0,1
2318,10849,0,1
2319,10849,0,1
2320,10849,0,1
2321,10849,0,1
2322,10849,0,1
2323,10849,0,1
2324,10849,0,1
2325,10849,0,1
2326,10849,0,1
2327,10849,0,1
2328,10849,0,1
2329,10849,0,1
2330,10849,0,1
2331,10849,0,1
2332,10849,0,1
2333,10849,0,1
2334,10849,0,1
2335,10849,0,1
2336,10849,0,1
2337,10849,0,1
2338,10849,0,1
2339,10849,0,1
2340,10849,0,1
2341,10849,0,1
2342,10849,0,1
2343,10849,0,1
2344,10849,0,1
2345,10849,0,1
2346,10849,0,1
2347,10849,0,1
2348,10849,0,1
2349,10849,0,1
2350,10849,0,1
2351,10849,0,1
2352,10849,0,1
2353,10849,0,1
2354,10849,0,1
2355,10849,0,1
2356,10849,0,1
2357,10849,0,1
2358,10849,0,1
2359,10849,0,1
2360,10849,0,1
2361,10849,0,1
2362,10849,0,1
2363,10849,0,1
2364,10849,0,1
2365,10849,0,1
2366,10849,0,1
2367,10849,0,1
2368,10849,0,1
2369,10849,0,1
2370,10849,0,1
2371,10849,0,1
2372,10849,0,1
2373,10849,0,1
2374,10849,0,1
2375,10849,0,1
2376,10849,0,1
2377,10849,0,1
2378,10849,0,1
2379,10849,0,1
2380,10849,0,1
2381,10849,0,1
2382,10849,0,1
2383,10849,0,1
2384,10849,0,1
2385,10849,0,1
2386,10849,0,1
2387,10849,0,1
2388,10849,0,1
2389,10849,0,1
2390,10849,0,1
2391,10849,0,1
2392,10849,0,1
2393,10849,0,1
2394,10849,0,1
2395,10849,0,1
2396,10849,0,1
2397,10849,0,1
2398,10849,0,1
2399,10849,0,1
2400,10849,0,1
2401,10849,0,1
2402,10849,0,1
2403,10849,0,1
2404,10849,0,1
2405,10849,0,1
2406,10849,0,1
2407,10849,0,1
2408,10849,0,1
2409,10849,0,1
2410,10849,0,1
2411,10849,0,1
2412,10849,0,1
2413,10849,0,1
2414,10849,0,1
2415,10849,0,1
2416,10849,0,1
2417,10849,0,1
2418,10849,0,1
2419,10849,0,1
2420,10849,0,1
2421,10849,0,1
2422,10849,0,1
2423,10849,0,1
2424,10849,0,1
2425,10849,0,1
2426,10849,0,1
2427,10849,0,1
2428,10849,0,1
2429,10849,0,1
2430,10849,0,1
2431,10849,0,1
2432,10849,0,1
2433,10849,0,1
2434,10849,0,1
2435,10849,0,1
2436,10849,0,1
2437,10849,0,1
2438,10849,0,1
2439,10849,0,1
2440,10849,0,1
2441,10849,0,1
2442,10849,0,1
2443,10849,0,1
2444,10849,0,1
2445,10849,0,1
2446,10849,0,1
2447,10849,0,1
2448,10849,0,1
2449,10849,0,1
2450,10849,0,1
2451,10849,0,1
2452,10849,0,1
2453,10849,0,1
2454,10849,0,1
2455,10849,0,1
2456,10849,0,1
2457,10849,0,1
2458,10849,0,1
2459,10849,0,1
2460,10849,0,1
2461,10849,0,1
2462,10849,0,1
2463,10849,0,1
2464,10849,0,1
2465,10849,0,1
2466,10849,0,1
2467,10849,0,1
2468,10849,0,1
2469,10849,0,1
2470,10849,0,1
2471,10849,0,1
2472,10849,1,1
2473,10849,1,1
2474,10849,1,1
2475,10849,1,1
2476,10849,1,1
2477,10849,1,1
2478,10849,1,1
2479,10849,1,1
2480,10849,1,1
2481,10849,1,1
2482,10849,1,1
2483,10849,1,1
2484,10849,1,1
2485,10849,1,1
2486,10849,1,1
2487,10849,1,1
2488,10849,1,1
2489,10849,1,1
2490,10849,1,1
2491,10849,1,1
2492,10849,1,1
2493,10849,1,1
2494,10849,1,1
2495,10849,1,1
2496,10849,0,1
2497,10849,0,1
2498,10849,0,1
2499,10849,0,1
2500,10849,0,1
2501,10849,0,1
2502,10849,0,1
2503,10849,0,1
2504,10849,0,1
2505,10849,0,1
2506,10849,0,1
2507,10849,0,1
2508,10849,0,1
2509,10849,0,1
2510,10849,0,1
2511,10849,0,1
2512,10849,0,1
2513,10849,0,1
2514,10849,0,1
2515,10849,0,1
2516,10849,0,1
2517,10849,0,1
2518,10849,0,1
2519,10849,0,1
2520,10849,0,1
2521,10849,0,1
2522,10849,0,1
2523,10849,0,1
2524,10849,0,1
2525,10849,0,1
2526,10849,0,1
2527,10849,0,1
2528,10849,0,1
2529,10849,0,1
2530,10849,0,1
2531,10849,0,1
2532,10849,0,1
2533,10849,0,1
2534,10849,0,1
2535,10849,0,1
2536,10849,0,1
2537,10849,0,1
2538,10849,0,1
2539,10849,0,1
2540,10849,0,1
2541,10849,0,1
2542,10849,0,1
2543,10849,0,1
2544,10849,1,1
2545,10849,1,1
2546,10849,1,1
2547,10849,1,1
2548,10849,1,1
2549,10849,1,1
2550,10849,1,1
2551,10849,1,1
2552,10849,1,1
2553,10849,1,1
2554,10849,1,1
2555,10849,1,1
2556,10849,1,1
2557,10849,1,1
2558,10849,1,1
2559,10849,1,1
2560,10849,1,1
2561,10849,1,1
2562,10849,1,1
2563,10849,1,1
2564,10849,1,1
2565,10849,1,1
2566,10849,1,1
2567,10849,1,1
2568,10849,0,1
2569,10849,0,1
2570,10849,0,1
2571,10849,0,1
2572,10849,0,1
2573,10849,0,1
2574,10849,0,1
2575,10849,0,1
2576,10849,0,1
2577,10849,0,1
2578,10849,0,1
2579,10849,0,1
2580,10849,0,1
2581,10849,0,1
2582,10849,0,1
2583,10849,0,1
2584,10849,0,1
2585,10849,0,1
2586,10849,0,1
2587,10849,0,1
2588,10849,0,1
2589,10849,0,1
2590,10849,0,1
2591,10849,0,1
3168,101611,1,1
3169,101611,1,1
3170,101611,1,1
3171,101611,1,1
3172,101611,1,1
3173,101611,1,1
3174,101611,1,1
3175,101611,1,1
3176,101611,1,1
3177,101611,1,1
3178,101611,1,1
3179,101611,1,1
3180,101611,1,1
3181,101611,1,1
3182,101611,1,1
3183,101611,1,1
3184,101611,1,1
3185,101611,1,1
3186,101611,1,1
3187,101611,1,1
3188,101611,1,1
3189,101611,1,1
3190,101611,1,1
3191,101611,1,1
3192,101611,1,1
3193,101611,1,1
3194,101611,1,1
3195,101611,1,1
3196,101611,1,1
3197,101611,1,1
3198,101611,1,1
3199,101611,1,1
3200,101611,1,1
3201,101611,1,1
3202,101611,1,1
3203,101611,1,1
3204,101611,1,1
3205,101611,1,1
3206,101611,1,1
3207,101611,1,1
3208,101611,1,1
3209,101611,1,1
3210,101611,1,1
3211,101611,1,1
3212,101611,1,1
3213,101611,1,1
3214,101611,1,1
3215,101611,1,1
3216,101611,1,1
3217,101611,1,1
3218,101611,1,1
3219,101611,1,1
3220,101611,1,1
3221,101611,1,1
3222,101611,1,1
3223,101611,1,1
3224,101611,1,1
3225,101611,1,1
3226,101611,1,1
3227,101611,1,1
3228,101611,1,1
3229,101611,1,1
3230,101611,1,1
3231,101611,1,1
3232,101611,1,1
3233,101611,1,1
3234,101611,1,1
3235,101611,1,1
3236,101611,1,1
3237,101611,1,1
3238,101611,1,1
3239,101611,1,1
3240,101611,1,1
3241,101611,1,1
3242,101611,1,1
3243,101611,1,1
3244,101611,1,1
3245,101611,1,1
3246,101611,1,1
3247,101611,1,1
3248,101611,1,1
3249,101611,1,1
3250,101611,1,1
3251,101611,1,1
3252,101611,1,1
3253,101611,1,1
3254,101611,1,1
3255,101611,1,1
3256,101611,1,1
3257,101611,1,1
3258,101611,1,1
3259,101611,1,1
3260,101611,1,1
3261,101611,1,1
3262,101611,1,1
3263,101611,1,1
3264,101611,1,1
3265,101611,1,1
3266,101611,1,1
3267,101611,1,1
3268,101611,1,1
3269,101611,1,1
3270,101611,1,1
3271,101611,1,1
3272,101611,1,1
3273,101611,1,1
3274,101611,1,1
3275,101611,1,1
3276,101611,1,1
3277,101611,1,1
3278,101611,1,1
3279,101611,1,1
3280,101611,1,1
3281,101611,1,1
3282,101611,1,1
3283,101611,1,1
3284,101611,1,1
3285,101611,1,1
3286,101611,1,1
3287,101611,1,1
3288,101611,1,1
3289,101611,1,1
3290,101611,1,1
3291,101611,1,1
3292,101611,1,1
3293,101611,1,1
3294,101611,1,1
3295,101611,1,1
3296,101611,1,1
3297,101611,1,1
3298,101611,1,1
3299,101611,1,1
3300,101611,1,1
3301,101611,1,1
3302,101611,1,1
3303,101611,1,1
3304,101611,1,1
3305,101611,1,1
3306,101611,1,1
3307,101611,1,1
3308,101611,1,1
3309,101611,1,1
3310,101611,1,1
3311,101611,1,1
3312,101611,1,1
3313,101611,1,1
3314,101611,1,1
3315,101611,1,1
3316,101611,1,1
3317,101611,1,1
3318,101611,1,1
3319,101611,1,1
3320,101611,1,1
3321,101611,1,1
3322,101611,1,1
3323,101611,1,1
3324,101611,1,1
3325,101611,1,1
3326,101611,1,1
3327,101611,1,1
3328,101611,1,1
3329,101611,1,1
3330,101611,1,1
3331,101611,1,1
3332,101611,1,1
3333,101611,1,1
3334,101611,1,1
3335,101611,1,1
3336,101611,1,1
3337,101611,1,1
3338,101611,1,1
3339,101611,1,1
3340,101611,1,1
3341,101611,1,1
3342,101611,1,1
3343,101611,1,1
3344,101611,1,1
3345,101611,1,1
3346,101611,1,1
3347,101611,1,1
3348,101611,1,1
3349,101611,1,1
3350,101611,1,1
3351,101611,1,1
3352,101611,1,1
3353,101611,1,1
3354,101611,1,1
3355,101611,1,1
3356,101611,1,1
3357,101611,1,1
3358,101611,1,1
3359,101611,1,1
3360,101611,1,1
3361,101611,1,1
3362,101611,1,1
3363,101611,1,1
3364,101611,1,1
3365,101611,1,1
3366,101611,1,1
3367,101611,1,1
3368,101611,1,1
3369,101611,1,1
3370,101611,1,1
3371,101611,1,1
3372,101611,1,1
3373,101611,1,1
3374,101611,1,1
3375,101611,1,1
3376,101611,1,1
3377,101611,1,1
3378,101611,1,1
3379,101611,1,1
3380,101611,1,1
3381,101611,1,1
3382,101611,1,1
3383,101611,1,1
3384,101611,1,1
3385,101611,1,1
3386,101611,1,1
3387,101611,1,1
3388,101611,1,1
3389,101611,1,1
3390,101611,1,1
3391,101611,1,1
3392,101611,1,1
3393,101611,1,1
3394,101611,1,1
3395,101611,1,1
3396,101611,1,1
3397,101611,1,1
3398,101611,1,1
3399,101611,1,1
3400,101611,1,1
3401,101611,1,1
3402,101611,1,1
3403,101611,1,1
3404,101611,1,1
3405,101611,1,1
3406,101611,1,1
3407,101611,1,1
3408,101611,1,1
3409,101611,1,1
3410,101611,1,1
3411,101611,1,1
3412,101611,1,1
3413,101611,1,1
3414,101611,1,1
3415,101611,1,1
3416,101611,1,1
3417,101611,1,1
3418,101611,1,1
3419,101611,1,1
3420,101611,1,1
3421,101611,1,1
3422,101611,1,1
3423,101611,1,1
3424,101611,1,1
3425,101611,1,1
3426,101611,1,1
3427,101611,1,1
3428,101611,1,1
3429,101611,1,1
3430,101611,1,1
3431,101611,1,1
3432,101611,0,1
3433,101611,0,1
3434,101611,0,1
3435,101611,0,1
3436,101611,0,1
3437,101611,0,1
3438,101611,0,1
3439,101611,0,1
3440,101611,0,1
3441,101611,0,1
3442,101611,0,1
3443,101611,0,1
3444,101611,0,1
3445,101611,0,1
3446,101611,0,1
3447,101611,0,1
3448,101611,0,1
3449,101611,0,1
3450,101611,0,1
3451,101611,0,1
3452,101611,0,1
3453,101611,0,1
3454,101611,0,1
3455,101611,0,1
